message,p_spam,true_label,priority,received_at,review_by,queue_position,decision
You will recieve your tone within the next 24hrs. For Terms and conditions please see Channel U Teletext Pg 750,0.1251343802119719,1,High (likely a real customer),2026-09-08 21:47:40.342549+02:00,08/09/2026 22:47,1,
How to Make a girl Happy? It's not at all difficult to make girls happy. U only need to be... 1. A friend 2. Companion 3. Lover 4. Chef . . .  <#> . Good listener  <#> . Organizer  <#> . Good boyfriend  <#> . Very clean  <#> . Sympathetic  <#> . Athletic  <#> . Warm . . .  <#> . Courageous  <#> . Determined  <#> . True  <#> . Dependable  <#> . Intelligent . . .  <#> . Psychologist  <#> . Pest exterminator  <#> . Psychiatrist  <#> . Healer . .  <#> . Stylist  <#> . Driver . . Aaniye pudunga venaam..,0.31121221977580327,0,High (likely a real customer),2026-09-08 21:47:40.342549+02:00,08/09/2026 22:47,2,
I am waiting machan. Call me once you free.,0.1135050322463194,0,High (likely a real customer),2026-09-08 21:47:40.342549+02:00,08/09/2026 22:47,3,
"You are everywhere dirt, on the floor, the windows, even on my shirt. And sometimes when i open my mouth, you are all that comes flowing out. I dream of my world without you, then half my chores are out too. A time of joy for me, lots of tv shows i.ll see. But i guess like all things you just must exist, like rain, hail and mist, and when my time here is done, you and i become one.",0.13716833753360252,0,High (likely a real customer),2026-09-08 21:47:40.342549+02:00,08/09/2026 22:47,4,
K k:) sms chat with me.,0.16633323657559815,0,High (likely a real customer),2026-09-08 21:47:40.342549+02:00,08/09/2026 22:47,5,
Bought one ringtone and now getting texts costing 3 pound offering more tones etc,0.18946596416192743,1,High (likely a real customer),2026-09-08 21:47:40.342549+02:00,08/09/2026 22:47,6,
Check Out Choose Your Babe Videos @ sms.shsex.netUN fgkslpoPW fgkslpo,0.1338032456316753,1,High (likely a real customer),2026-09-08 21:47:40.342549+02:00,08/09/2026 22:47,7,
"Hi Shanil,Rakhesh here.thanks,i have exchanged the uncut diamond stuff.leaving back. Excellent service by Dino and Prem.",0.35939263322761356,0,High (likely a real customer),2026-09-08 21:47:40.342549+02:00,08/09/2026 22:47,8,
"Aight, can you text me the address?",0.23659791417162185,0,High (likely a real customer),2026-09-08 21:47:40.342549+02:00,08/09/2026 22:47,9,
Any chance you might have had with me evaporated as soon as you violated my privacy by stealing my phone number from your employer's paperwork. Not cool at all. Please do not contact me again or I will report you to your supervisor.,0.21406887298516014,0,High (likely a real customer),2026-09-08 21:47:40.342549+02:00,08/09/2026 22:47,10,
Pansy! You've been living in a jungle for two years! Its my driving you should be more worried about!,0.32522886583801885,0,High (likely a real customer),2026-09-08 21:47:40.342549+02:00,08/09/2026 22:47,11,
Text her. If she doesnt reply let me know so i can have her log in,0.10492256694948589,0,High (likely a real customer),2026-09-08 21:47:40.342549+02:00,08/09/2026 22:47,12,
What???? Hello wats talks email address?,0.46549828772342144,0,Medium (genuinely uncertain),2026-09-08 21:47:40.342549+02:00,09/09/2026 04:47,13,
Hello-/@drivby-:0quit edrunk sorry iff pthis makes no senrd-dnot no how ^ dancce 2 drum n basq!ihave fun 2nhite x ros xxxxxxx,0.40335317815273003,0,Medium (genuinely uncertain),2026-09-08 21:47:40.342549+02:00,09/09/2026 04:47,14,
"TheMob>Hit the link to get a premium Pink Panther game, the new no. 1 from Sugababes, a crazy Zebra animation or a badass Hoody wallpaper-all 4 FREE!",0.5858030665931486,1,Medium (genuinely uncertain),2026-09-08 21:47:40.342549+02:00,09/09/2026 04:47,15,
"Please protect yourself from e-threats. SIB never asks for sensitive information like Passwords,ATM/SMS PIN thru email. Never share your password with anybody.",0.471894354528455,0,Medium (genuinely uncertain),2026-09-08 21:47:40.342549+02:00,09/09/2026 04:47,16,
"SMS. ac sun0819 posts HELLO:""You seem cool, wanted to say hi. HI!!!"" Stop? Send STOP to 62468",0.6692015867317141,1,Medium (genuinely uncertain),2026-09-08 21:47:40.342549+02:00,09/09/2026 04:47,17,
Babe: U want me dont u baby! Im nasty and have a thing 4 filthyguys. Fancy a rude time with a sexy bitch. How about we go slo n hard! Txt XXX SLO(4msgs),0.5338511313023195,1,Medium (genuinely uncertain),2026-09-08 21:47:40.342549+02:00,09/09/2026 04:47,18,
RECPT 1/3. You have ordered a Ringtone. Your order is being processed...,0.7046409072869996,1,Medium (genuinely uncertain),2026-09-08 21:47:40.342549+02:00,09/09/2026 04:47,19,
"Xmas & New Years Eve tickets are now on sale from the club, during the day from 10am till 8pm, and on Thurs, Fri & Sat night this week. They're selling fast!",0.6503267151309938,1,Medium (genuinely uncertain),2026-09-08 21:47:40.342549+02:00,09/09/2026 04:47,20,
"Si.como no?!listened2the plaid album-quite gd&the new air1 which is hilarious-also boughtbraindancea comp.ofstuff on aphexs ;abel,u hav2hear it!c u sn xxxx",0.5827128520344299,0,Medium (genuinely uncertain),2026-09-08 21:47:40.342549+02:00,09/09/2026 04:47,21,
Dear Voucher Holder 2 claim your 1st class airport lounge passes when using Your holiday voucher call 08704439680. When booking quote 1st class x 2,0.7040889657173504,1,Medium (genuinely uncertain),2026-09-08 21:47:40.342549+02:00,09/09/2026 04:47,22,
Thanks for the Vote. Now sing along with the stars with Karaoke on your mobile. For a FREE link just reply with SING now.,0.8735501607360385,1,Low (likely spam),2026-09-08 21:47:40.342549+02:00,09/09/2026 21:47,23,
As a registered optin subscriber ur draw 4 £100 gift voucher will be entered on receipt of a correct ans to 80062 Whats No1 in the BBC charts,0.9339408920176508,1,Low (likely spam),2026-09-08 21:47:40.342549+02:00,09/09/2026 21:47,24,
Hi its LUCY Hubby at meetins all day Fri & I will B alone at hotel U fancy cumin over? Pls leave msg 2day 09099726395 Lucy x Calls£1/minMobsmoreLKPOBOX177HP51FL,0.9100540705899215,1,Low (likely spam),2026-09-08 21:47:40.342549+02:00,09/09/2026 21:47,25,
Missed call alert. These numbers called but left no message. 07008009200,0.8896517008968801,1,Low (likely spam),2026-09-08 21:47:40.342549+02:00,09/09/2026 21:47,26,
"FreeMsg Hey U, i just got 1 of these video/pic fones, reply WILD to this txt & ill send U my pics, hurry up Im so bored at work xxx (18 150p/rcvd STOP2stop)",0.763596077369484,1,Low (likely spam),2026-09-08 21:47:40.342549+02:00,09/09/2026 21:47,27,
88066 FROM 88066 LOST 3POUND HELP,0.9431010323688759,1,Low (likely spam),2026-09-08 21:47:40.342549+02:00,09/09/2026 21:47,28,
U have a secret admirer who is looking 2 make contact with U-find out who they R*reveal who thinks UR so special-call on 09058094599,0.9268738873761914,1,Low (likely spam),2026-09-08 21:47:40.342549+02:00,09/09/2026 21:47,29,
Ever thought about living a good life with a perfect partner? Just txt back NAME and AGE to join the mobile community. (100p/SMS),0.9494576804463525,1,Low (likely spam),2026-09-08 21:47:40.342549+02:00,09/09/2026 21:47,30,
Want explicit SEX in 30 secs? Ring 02073162414 now! Costs 20p/min,0.8144524372680134,1,Low (likely spam),2026-09-08 21:47:40.342549+02:00,09/09/2026 21:47,31,
"Orange brings you ringtones from all time Chart Heroes, with a free hit each week! Go to Ringtones & Pics on wap. To stop receiving these tips reply STOP.",0.9436248815334811,1,Low (likely spam),2026-09-08 21:47:40.342549+02:00,09/09/2026 21:47,32,
I (Career Tel) have added u as a contact on INDYAROCKS.COM to send FREE SMS. To remove from phonebook - sms NO to  <#>,0.8118441449920483,0,Low (likely spam),2026-09-08 21:47:40.342549+02:00,09/09/2026 21:47,33,
